,Unnamed: 0,Unnamed: 0.1,STA,Date,Precip,WindGustSpd,MaxTemp,MinTemp,MeanTemp,Snowfall,PoorWeather,YR,MO,DA,PRCP,DR,SPD,MAX,MIN,MEA,SNF,SND,FT,FB,FTI,ITH,PGT,TSHDSBRSGF,SD3,RHX,RHN,RVG,WTE
0,0,85396,33206,1944-11-26,0,,19.44444444,10.0,14.44444444,0.0,1.0,44,11,26,0,,,67.0,50.0,58.0,0.0,,,,,,,1.0,,,,,
1,1,85397,33206,1944-11-27,0,,19.44444444,9.444444444,14.44444444,0.0,1.0,44,11,27,0,,,67.0,49.0,58.0,0.0,,,,,,,1.0,,,,,
2,2,85398,33206,1944-11-28,0,,18.88888889,11.11111111,15.0,0.0,1.0,44,11,28,0,,,66.0,52.0,59.0,0.0,,,,,,,1.0,,,,,
3,3,85399,33206,1944-11-29,0,,17.77777778,10.0,13.88888889,0.0,1.0,44,11,29,0,,,64.0,50.0,57.0,0.0,,,,,,,1.0,,,,,
4,4,85400,33206,1944-11-30,0,,16.66666667,12.22222222,14.44444444,0.0,1.0,44,11,30,,,,62.0,54.0,58.0,0.0,,,,,,,1.0,,,,,
5,5,85401,33206,1944-12-1,0,,17.22222222,12.22222222,14.44444444,0.0,,44,12,1,0,,,63.0,54.0,58.0,0.0,,,,,,,,,,,,
6,6,85402,33206,1944-12-2,0,,15.0,10.55555556,12.77777778,0.0,,44,12,2,,,,59.0,51.0,55.0,0.0,,,,,,,,,,,,
7,7,85403,33206,1944-12-3,0,,15.55555556,11.11111111,13.33333333,0.0,,44,12,3,0,,,60.0,52.0,56.0,0.0,,,,,,,,,,,,
8,8,85404,33206,1944-12-4,0,,15.55555556,6.666666667,11.11111111,0.0,,44,12,4,0,,,60.0,44.0,52.0,0.0,,,,,,,,,,,,
9,9,85405,33206,1944-12-5,0,,17.22222222,5.555555556,11.11111111,0.0,,44,12,5,0,,,63.0,42.0,52.0,0.0,,,,,,,,,,,,
10,10,85406,33206,1944-12-6,0,,17.77777778,10.0,13.88888889,0.0,,44,12,6,0,,,64.0,50.0,57.0,0.0,,,,,,,,,,,,
11,11,85407,33206,1944-12-7,0,,17.77777778,9.444444444,13.33333333,0.0,,44,12,7,,,,64.0,49.0,56.0,0.0,,,,,,,,,,,,
12,12,85408,33206,1944-12-8,0,,16.66666667,10.55555556,13.33333333,0.0,,44,12,8,,,,62.0,51.0,56.0,0.0,,,,,,,,,,,,
13,13,85409,33206,1944-12-9,0,,19.44444444,8.888888889,14.44444444,0.0,,44,12,9,0,,,67.0,48.0,58.0,0.0,,,,,,,,,,,,
14,14,85410,33206,1944-12-10,0,,18.88888889,13.33333333,16.11111111,0.0,,44,12,10,,,,66.0,56.0,61.0,0.0,,,,,,,,,,,,
15,15,85411,33206,1944-12-11,0,,16.66666667,9.444444444,13.33333333,0.0,,44,12,11,0,,,62.0,49.0,56.0,0.0,,,,,,,,,,,,
16,16,85412,33206,1944-12-12,0,,15.55555556,7.222222222,11.11111111,0.0,,44,12,12,0,,,60.0,45.0,52.0,0.0,,,,,,,,,,,,
17,17,85413,33206,1944-12-13,T,,15.55555556,5.555555556,10.55555556,0.0,,44,12,13,T,,,60.0,42.0,51.0,0.0,,,,,,,,,,,,
18,18,85414,33206,1944-12-14,8.636,,14.44444444,10.0,12.22222222,0.0,1.0,44,12,14,0.34,,,58.0,50.0,54.0,0.0,,,,,,,1.0,,,,,
19,19,85415,33206,1944-12-15,0.762,,13.88888889,8.333333332999999,12.22222222,0.0,1.0,44,12,15,0.03,,,57.0,47.0,54.0,0.0,,,,,,,1.0,,,,,
20,20,85416,33206,1944-12-16,0,,13.88888889,8.888888889,11.11111111,0.0,,44,12,16,0,,,57.0,48.0,52.0,0.0,,,,,,,,,,,,
21,21,85417,33206,1944-12-17,0,,16.66666667,8.333333332999999,12.22222222,0.0,,44,12,17,0,,,62.0,47.0,54.0,0.0,,,,,,,,,,,,
22,22,85418,33206,1944-12-18,0,,13.33333333,7.222222222,10.0,0.0,,44,12,18,0,,,56.0,45.0,50.0,0.0,,,,,,,,,,,,
23,23,85419,33206,1944-12-19,0,,12.77777778,8.888888889,11.11111111,0.0,,44,12,19,0,,,55.0,48.0,52.0,0.0,,,,,,,,,,,,
24,24,85420,33206,1944-12-20,0.508,,11.11111111,7.222222222,8.888888889,0.0,1.0,44,12,20,0.02,,,52.0,45.0,48.0,0.0,,,,,,,1.0,,,,,
25,25,85421,33206,1944-12-21,0,,11.66666667,3.888888889,7.777777778,0.0,,44,12,21,0,,,53.0,39.0,46.0,0.0,,,,,,,,,,,,
26,26,85422,33206,1944-12-22,1.778,,11.11111111,5.0,7.777777778,0.0,1.0,44,12,22,0.07,,,52.0,41.0,46.0,0.0,,,,,,,1.0,,,,,
27,27,85423,33206,1944-12-23,2.794,,11.11111111,7.222222222,8.888888889,0.0,1.0,44,12,23,0.11,,,52.0,45.0,48.0,0.0,,,,,,,1.0,,,,,
28,28,85424,33206,1944-12-24,1.524,,12.22222222,7.222222222,10.0,0.0,1.0,44,12,24,0.06,,,54.0,45.0,50.0,0.0,,,,,,,1.0,,,,,
29,29,85425,33206,1944-12-25,0.254,,8.333333332999999,4.444444444,6.666666667,0.0,1.0,44,12,25,0.01,,,47.0,40.0,44.0,0.0,,,,,,,1.0,,,,,
30,30,85426,33206,1944-12-26,0.254,,8.888888889,4.444444444,6.666666667,0.0,1.0,44,12,26,0.01,,,48.0,40.0,44.0,0.0,,,,,,,1.0,,,,,
31,31,85427,33206,1944-12-27,0.254,,8.333333332999999,3.888888889,6.1111111110000005,0.0,1.0,44,12,27,0.01,,,47.0,39.0,43.0,0.0,,,,,,,1.0,,,,,
32,32,85428,33206,1944-12-28,0,,7.222222222,1.6666666669999999,4.444444444,0.0,,44,12,28,0,,,45.0,35.0,40.0,0.0,,,,,,,,,,,,
33,33,85429,33206,1944-12-29,T,,10.55555556,0.5555555560000001,5.555555556,0.0,1.0,44,12,29,T,,,51.0,33.0,42.0,0.0,,,,,,,1.0,,,,,
34,34,85430,33206,1944-12-30,16.764,,8.333333332999999,3.333333333,5.555555556,0.0,1.0,44,12,30,0.66,,,47.0,38.0,42.0,0.0,,,,,,,1.0,,,,,
35,35,85431,33206,1944-12-31,0,,8.888888889,3.888888889,6.666666667,0.0,,44,12,31,0,,,48.0,39.0,44.0,0.0,,,,,,,,,,,,
36,36,85432,33206,1945-1-1,3.81,,13.88888889,2.777777778,8.333333332999999,0.0,1.0,45,1,1,0.15,,,57.0,37.0,47.0,0.0,,,,,,,1.0,,,,,
37,37,85433,33206,1945-1-2,8.636,,8.333333332999999,3.333333333,5.555555556,0.0,1.0,45,1,2,0.34,,,47.0,38.0,42.0,0.0,,,,,,,1.0,,,,,
38,38,85434,33206,1945-1-3,2.794,,7.777777778,2.222222222,5.0,0.0,1.0,45,1,3,0.11,,,46.0,36.0,41.0,0.0,,,,,,,1.0,,,,,
39,39,85435,33206,1945-1-4,0,,8.333333332999999,3.333333333,5.555555556,0.0,,45,1,4,0,,,47.0,38.0,42.0,0.0,,,,,,,,,,,,
40,40,85436,33206,1945-1-5,0,,12.22222222,4.444444444,8.333333332999999,0.0,,45,1,5,0,,,54.0,40.0,47.0,0.0,,,,,,,,,,,,
41,41,85437,33206,1945-1-6,12.192,,13.88888889,8.888888889,11.11111111,0.0,1.0,45,1,6,0.48,,,57.0,48.0,52.0,0.0,,,,,,,1.0,,,,,
42,42,85438,33206,1945-1-7,6.35,,11.66666667,5.555555556,8.888888889,0.0,1.0,45,1,7,0.25,,,53.0,42.0,48.0,0.0,,,,,,,1.0,,,,,
43,43,85439,33206,1945-1-8,0,,12.77777778,5.0,8.888888889,0.0,,45,1,8,0,,,55.0,41.0,48.0,0.0,,,,,,,,,,,,
44,44,85440,33206,1945-1-9,0,,14.44444444,3.888888889,8.888888889,0.0,,45,1,9,0,,,58.0,39.0,48.0,0.0,,,,,,,,,,,,
45,45,85441,33206,1945-1-10,0,,13.88888889,7.222222222,10.55555556,0.0,,45,1,10,0,,,57.0,45.0,51.0,0.0,,,,,,,,,,,,
46,46,85442,33206,1945-1-11,1.016,,15.55555556,5.555555556,10.55555556,0.0,1.0,45,1,11,0.04,,,60.0,42.0,51.0,0.0,,,,,,,1.0,,,,,
47,47,85443,33206,1945-1-12,0,,12.77777778,3.888888889,8.333333332999999,0.0,,45,1,12,0,,,55.0,39.0,47.0,0.0,,,,,,,,,,,,
48,48,85444,33206,1945-1-13,0,,14.44444444,3.333333333,8.888888889,0.0,,45,1,13,0,,,58.0,38.0,48.0,0.0,,,,,,,,,,,,
49,49,85445,33206,1945-1-14,6.858,,10.0,5.555555556,7.777777778,0.0,1.0,45,1,14,0.27,,,50.0,42.0,46.0,0.0,,,,,,,1.0,,,,,
50,50,85446,33206,1945-1-15,5.334,,8.888888889,3.888888889,6.666666667,0.0,1.0,45,1,15,0.21,,,48.0,39.0,44.0,0.0,,,,,,,1.0,,,,,
51,51,85447,33206,1945-1-16,2.032,,11.11111111,1.6666666669999999,6.666666667,0.0,1.0,45,1,16,0.08,,,52.0,35.0,44.0,0.0,,,,,,,1.0,,,,,
52,52,85448,33206,1945-1-17,14.986,,8.888888889,5.0,6.666666667,0.0,1.0,45,1,17,0.59,,,48.0,41.0,44.0,0.0,,,,,,,1.0,,,,,
53,53,85449,33206,1945-1-18,1.016,,9.444444444,4.444444444,6.666666667,0.0,1.0,45,1,18,0.04,,,49.0,40.0,44.0,0.0,,,,,,,1.0,,,,,
54,54,85450,33206,1945-1-19,1.27,,10.0,5.555555556,7.777777778,0.0,1.0,45,1,19,0.05,,,50.0,42.0,46.0,0.0,,,,,,,1.0,,,,,
55,55,85451,33206,1945-1-20,0.762,,12.77777778,4.444444444,8.888888889,0.0,1.0,45,1,20,0.03,,,55.0,40.0,48.0,0.0,,,,,,,1.0,,,,,
56,56,85452,33206,1945-1-21,0,,12.77777778,5.555555556,8.888888889,0.0,,45,1,21,0,,,55.0,42.0,48.0,0.0,,,,,,,,,,,,
57,57,85453,33206,1945-1-22,T,,15.0,3.888888889,9.444444444,0.0,1.0,45,1,22,T,,,59.0,39.0,49.0,0.0,,,,,,,1.0,,,,,
58,58,85454,33206,1945-1-23,T,,6.1111111110000005,0.0,3.333333333,0.0,1.0,45,1,23,T,,,43.0,32.0,38.0,0.0,,,,,,,1.0,,,,,
59,59,85455,33206,1945-1-24,0,,7.777777778,-2.222222222,2.777777778,0.0,,45,1,24,0,,,46.0,28.0,37.0,0.0,,,,,,,,,,,,
60,60,85456,33206,1945-1-25,0,,12.77777778,6.1111111110000005,9.444444444,0.0,,45,1,25,0,,,55.0,43.0,49.0,0.0,,,,,,,,,,,,
61,61,85457,33206,1945-1-26,0,,16.66666667,3.888888889,10.0,0.0,,45,1,26,0,,,62.0,39.0,50.0,0.0,,,,,,,,,,,,
62,62,85458,33206,1945-1-27,2.286,,15.55555556,3.888888889,10.0,0.0,1.0,45,1,27,0.09,,,60.0,39.0,50.0,0.0,,,,,,,1.0,,,,,
63,63,85459,33206,1945-1-28,1.27,,15.55555556,5.0,10.0,0.0,1.0,45,1,28,0.05,,,60.0,41.0,50.0,0.0,,,,,,,1.0,,,,,
64,64,85460,33206,1945-1-29,1.778,,15.0,8.333333332999999,11.66666667,0.0,1.0,45,1,29,0.07,,,59.0,47.0,53.0,0.0,,,,,,,1.0,,,,,
65,65,85461,33206,1945-1-30,0,,8.333333332999999,0.5555555560000001,4.444444444,0.0,,45,1,30,0,,,47.0,33.0,40.0,0.0,,,,,,,,,,,,
66,66,85462,33206,1945-1-31,0,,5.555555556,0.0,2.777777778,0.0,,45,1,31,0,,,42.0,32.0,37.0,0.0,,,,,,,,,,,,
67,67,85463,33206,1945-3-1,0,,16.11111111,3.333333333,10.0,0.0,,45,3,1,0,,,61.0,38.0,50.0,0.0,,,,,,,,,,,,
68,68,85464,33206,1945-3-2,0,,18.88888889,5.0,12.22222222,0.0,,45,3,2,0,,,66.0,41.0,54.0,0.0,,,,,,,,,,,,
69,69,85465,33206,1945-3-3,3.302,,13.88888889,6.666666667,10.0,0.0,1.0,45,3,3,0.13,,,57.0,44.0,50.0,0.0,,,,,,,1.0,,,,,
70,70,85466,33206,1945-3-4,1.27,,8.888888889,1.6666666669999999,5.555555556,0.0,1.0,45,3,4,0.05,,,48.0,35.0,42.0,0.0,,,,,,,1.0,,,,,
71,71,85467,33206,1945-3-5,T,,8.888888889,1.111111111,5.0,0.0,1.0,45,3,5,T,,,48.0,34.0,41.0,0.0,,,,,,,1.0,,,,,
72,72,85468,33206,1945-3-6,0,,12.22222222,0.0,6.1111111110000005,0.0,,45,3,6,0,,,54.0,32.0,43.0,0.0,,,,,,,,,,,,
73,73,85469,33206,1945-3-7,T,,12.22222222,3.333333333,7.777777778,0.0,1.0,45,3,7,T,,,54.0,38.0,46.0,0.0,,,,,,,1.0,,,,,
74,74,85470,33206,1945-3-8,3.048,,13.33333333,2.222222222,7.777777778,0.0,1.0,45,3,8,0.12,,,56.0,36.0,46.0,0.0,,,,,,,1.0,,,,,
75,75,85471,33206,1945-3-9,T,,8.333333332999999,3.333333333,5.555555556,0.0,1.0,45,3,9,T,,,47.0,38.0,42.0,0.0,,,,,,,1.0,,,,,
76,76,85472,33206,1945-3-10,0,,8.888888889,1.111111111,5.0,0.0,,45,3,10,0,,,48.0,34.0,41.0,0.0,,,,,,,,,,,,
77,77,85473,33206,1945-3-11,0,,14.44444444,0.5555555560000001,7.777777778,0.0,,45,3,11,0,,,58.0,33.0,46.0,0.0,,,,,,,,,,,,
78,78,85474,33206,1945-3-12,0,,11.11111111,2.222222222,6.666666667,0.0,,45,3,12,0,,,52.0,36.0,44.0,0.0,,,,,,,,,,,,
79,79,85475,33206,1945-3-13,0,,15.55555556,0.5555555560000001,7.777777778,0.0,,45,3,13,0,,,60.0,33.0,46.0,0.0,,,,,,,,,,,,
80,80,85476,33206,1945-3-14,0,,16.11111111,3.333333333,10.0,0.0,,45,3,14,0,,,61.0,38.0,50.0,0.0,,,,,,,,,,,,
81,81,85477,33206,1945-3-15,0,,17.77777778,4.444444444,11.11111111,0.0,,45,3,15,0,,,64.0,40.0,52.0,0.0,,,,,,,,,,,,
82,82,85478,33206,1945-3-16,0,,17.77777778,5.0,11.11111111,0.0,,45,3,16,0,,,64.0,41.0,52.0,0.0,,,,,,,,,,,,
83,83,85479,33206,1945-3-17,0,,19.44444444,6.1111111110000005,12.77777778,0.0,,45,3,17,0,,,67.0,43.0,55.0,0.0,,,,,,,,,,,,
84,84,85480,33206,1945-3-18,T,,21.66666667,7.222222222,14.44444444,0.0,1.0,45,3,18,T,,,71.0,45.0,58.0,0.0,,,,,,,1.0,,,,,
85,85,85481,33206,1945-3-19,1.27,,15.0,8.888888889,12.22222222,0.0,1.0,45,3,19,0.05,,,59.0,48.0,54.0,0.0,,,,,,,1.0,,,,,
86,86,85482,33206,1945-3-20,0,,16.66666667,6.1111111110000005,11.11111111,0.0,,45,3,20,0,,,62.0,43.0,52.0,0.0,,,,,,,,,,,,
87,87,85483,33206,1945-3-21,0,,15.55555556,3.888888889,10.0,0.0,,45,3,21,0,,,60.0,39.0,50.0,0.0,,,,,,,,,,,,
88,88,85484,33206,1945-3-22,0,,21.11111111,5.0,13.33333333,0.0,,45,3,22,0,,,70.0,41.0,56.0,0.0,,,,,,,,,,,,
89,89,85485,33206,1945-3-23,T,,17.22222222,5.555555556,11.11111111,0.0,1.0,45,3,23,T,,,63.0,42.0,52.0,0.0,,,,,,,1.0,,,,,
90,90,85486,33206,1945-3-24,0,,18.33333333,5.555555556,12.22222222,0.0,,45,3,24,0,,,65.0,42.0,54.0,0.0,,,,,,,,,,,,
91,91,85487,33206,1945-3-25,0,,20.0,5.555555556,12.77777778,0.0,,45,3,25,0,,,68.0,42.0,55.0,0.0,,,,,,,,,,,,
92,92,85488,33206,1945-3-26,0,,17.22222222,6.666666667,12.22222222,0.0,,45,3,26,0,,,63.0,44.0,54.0,0.0,,,,,,,,,,,,
93,93,85489,33206,1945-3-27,0,,17.22222222,5.555555556,11.11111111,0.0,,45,3,27,0,,,63.0,42.0,52.0,0.0,,,,,,,,,,,,
94,94,85490,33206,1945-3-28,0,,18.88888889,5.555555556,12.22222222,0.0,,45,3,28,0,,,66.0,42.0,54.0,0.0,,,,,,,,,,,,
95,95,85491,33206,1945-3-29,0,,18.33333333,7.777777778,13.33333333,0.0,,45,3,29,0,,,65.0,46.0,56.0,0.0,,,,,,,,,,,,
96,96,85492,33206,1945-3-30,0,,18.33333333,10.55555556,14.44444444,0.0,,45,3,30,0,,,65.0,51.0,58.0,0.0,,,,,,,,,,,,
97,97,85493,33206,1945-3-31,0,,21.11111111,10.55555556,15.55555556,0.0,,45,3,31,0,,,70.0,51.0,60.0,0.0,,,,,,,,,,,,
98,98,85494,33206,1945-4-1,0,,19.44444444,11.11111111,15.55555556,0.0,0.0,45,4,1,0,,,67.0,52.0,60.0,0.0,,,,,,,0.0,,,,,
99,99,85495,33206,1945-4-2,0,,19.44444444,13.88888889,16.66666667,0.0,0.0,45,4,2,0,,,67.0,57.0,62.0,0.0,,,,,,,0.0,,,,,
100,100,85496,33206,1945-4-3,0,,21.66666667,8.888888889,15.55555556,0.0,0.0,45,4,3,0,,,71.0,48.0,60.0,0.0,,,,,,,0.0,,,,,
101,101,85497,33206,1945-4-4,0,,22.77777778,7.777777778,15.55555556,0.0,0.0,45,4,4,0,,,73.0,46.0,60.0,0.0,,,,,,,0.0,,,,,
102,102,85498,33206,1945-4-5,0,,21.66666667,8.333333332999999,15.0,0.0,0.0,45,4,5,0,,,71.0,47.0,59.0,0.0,,,,,,,0.0,,,,,
103,103,85499,33206,1945-4-6,0,,20.0,10.0,15.0,0.0,0.0,45,4,6,0,,,68.0,50.0,59.0,0.0,,,,,,,0.0,,,,,
104,104,85500,33206,1945-4-7,0,,24.44444444,10.55555556,17.77777778,0.0,0.0,45,4,7,0,,,76.0,51.0,64.0,0.0,,,,,,,0.0,,,,,
105,105,85501,33206,1945-4-8,0,,21.11111111,11.66666667,16.66666667,0.0,0.0,45,4,8,0,,,70.0,53.0,62.0,0.0,,,,,,,0.0,,,,,
106,106,85502,33206,1945-4-9,0,,18.88888889,9.444444444,14.44444444,0.0,0.0,45,4,9,0,,,66.0,49.0,58.0,0.0,,,,,,,0.0,,,,,
107,107,85503,33206,1945-4-10,T,,19.44444444,9.444444444,14.44444444,0.0,1.0,45,4,10,T,,,67.0,49.0,58.0,0.0,,,,,,,1.0,,,,,
108,108,85504,33206,1945-4-11,0,,17.77777778,9.444444444,13.88888889,0.0,0.0,45,4,11,0,,,64.0,49.0,57.0,0.0,,,,,,,0.0,,,,,
109,109,85505,33206,1945-4-12,0,,20.0,7.777777778,13.88888889,0.0,0.0,45,4,12,0,,,68.0,46.0,57.0,0.0,,,,,,,0.0,,,,,
110,110,85506,33206,1945-4-13,0,,25.55555556,10.0,17.77777778,0.0,0.0,45,4,13,0,,,78.0,50.0,64.0,0.0,,,,,,,0.0,,,,,
111,111,85507,33206,1945-4-14,T,,23.88888889,12.77777778,18.33333333,0.0,1.0,45,4,14,T,,,75.0,55.0,65.0,0.0,,,,,,,1.0,,,,,
112,112,85508,33206,1945-4-15,2.794,,18.88888889,13.33333333,16.11111111,0.0,1.0,45,4,15,0.11,,,66.0,56.0,61.0,0.0,,,,,,,1.0,,,,,
113,113,85509,33206,1945-4-16,7.874,,15.0,7.777777778,11.66666667,0.0,1.0,45,4,16,0.31,,,59.0,46.0,53.0,0.0,,,,,,,1.0,,,,,
114,114,85510,33206,1945-4-17,0,,16.11111111,7.777777778,12.22222222,0.0,0.0,45,4,17,0,,,61.0,46.0,54.0,0.0,,,,,,,0.0,,,,,
115,115,85511,33206,1945-4-18,0,,21.11111111,3.888888889,12.77777778,0.0,0.0,45,4,18,0,,,70.0,39.0,55.0,0.0,,,,,,,0.0,,,,,
116,116,85512,33206,1945-4-19,0,,23.33333333,9.444444444,16.66666667,0.0,0.0,45,4,19,0,,,74.0,49.0,62.0,0.0,,,,,,,0.0,,,,,
117,117,85513,33206,1945-4-20,4.826,,19.44444444,9.444444444,14.44444444,0.0,1.0,45,4,20,0.19,,,67.0,49.0,58.0,0.0,,,,,,,1.0,,,,,
118,118,85514,33206,1945-4-21,0,,19.44444444,7.777777778,13.88888889,0.0,0.0,45,4,21,0,,,67.0,46.0,57.0,0.0,,,,,,,0.0,,,,,
119,119,85515,33206,1945-4-22,0,,20.55555556,8.333333332999999,14.44444444,0.0,0.0,45,4,22,0,,,69.0,47.0,58.0,0.0,,,,,,,0.0,,,,,
120,120,85516,33206,1945-4-23,0,,25.0,11.66666667,18.33333333,0.0,0.0,45,4,23,0,,,77.0,53.0,65.0,0.0,,,,,,,0.0,,,,,
121,121,85517,33206,1945-4-24,0,,24.44444444,8.888888889,16.66666667,0.0,0.0,45,4,24,0,,,76.0,48.0,62.0,0.0,,,,,,,0.0,,,,,
122,122,85518,33206,1945-4-25,0,,21.11111111,12.77777778,17.22222222,0.0,0.0,45,4,25,0,,,70.0,55.0,63.0,0.0,,,,,,,0.0,,,,,
123,123,85519,33206,1945-4-26,0,,21.11111111,8.888888889,15.0,0.0,0.0,45,4,26,0,,,70.0,48.0,59.0,0.0,,,,,,,0.0,,,,,
124,124,85520,33206,1945-4-27,0,,21.66666667,9.444444444,15.55555556,0.0,0.0,45,4,27,0,,,71.0,49.0,60.0,0.0,,,,,,,0.0,,,,,
125,125,85521,33206,1945-4-28,T,,21.11111111,11.66666667,16.66666667,0.0,1.0,45,4,28,T,,,70.0,53.0,62.0,0.0,,,,,,,1.0,,,,,
126,126,85522,33206,1945-4-29,T,,22.77777778,12.22222222,17.77777778,0.0,1.0,45,4,29,T,,,73.0,54.0,64.0,0.0,,,,,,,1.0,,,,,
127,127,85523,33206,1945-4-30,0,,25.0,13.88888889,19.44444444,0.0,0.0,45,4,30,0,,,77.0,57.0,67.0,0.0,,,,,,,0.0,,,,,
128,128,85524,33206,1945-5-1,0,,24.44444444,11.11111111,17.77777778,0.0,,45,5,1,0,,,76.0,52.0,64.0,0.0,,,,,,,,,,,,
129,129,85525,33206,1945-5-2,T,,24.44444444,11.66666667,17.77777778,0.0,1.0,45,5,2,T,,,76.0,53.0,64.0,0.0,,,,,,,1.0,,,,,
130,130,85526,33206,1945-5-3,0,,22.77777778,12.77777778,17.77777778,0.0,,45,5,3,0,,,73.0,55.0,64.0,0.0,,,,,,,,,,,,
131,131,85527,33206,1945-5-4,0,,26.11111111,11.66666667,18.88888889,0.0,,45,5,4,0,,,79.0,53.0,66.0,0.0,,,,,,,,,,,,
132,132,85528,33206,1945-5-5,0,,26.11111111,14.44444444,20.0,0.0,,45,5,5,0,,,79.0,58.0,68.0,0.0,,,,,,,,,,,,
133,133,85529,33206,1945-5-6,0,,24.44444444,15.55555556,20.0,0.0,,45,5,6,0,,,76.0,60.0,68.0,0.0,,,,,,,,,,,,
134,134,85530,33206,1945-5-7,0,,27.77777778,15.55555556,21.66666667,0.0,,45,5,7,0,,,82.0,60.0,71.0,0.0,,,,,,,,,,,,
135,135,85531,33206,1945-5-8,0,,29.44444444,17.22222222,23.33333333,0.0,,45,5,8,0,,,85.0,63.0,74.0,0.0,,,,,,,,,,,,
136,136,85532,33206,1945-5-9,0,,26.11111111,17.22222222,21.66666667,0.0,,45,5,9,0,,,79.0,63.0,71.0,0.0,,,,,,,,,,,,
137,137,85533,33206,1945-5-10,0,,24.44444444,16.66666667,20.55555556,0.0,,45,5,10,0,,,76.0,62.0,69.0,0.0,,,,,,,,,,,,
138,138,85534,33206,1945-5-11,0,,24.44444444,16.66666667,20.55555556,0.0,,45,5,11,0,,,76.0,62.0,69.0,0.0,,,,,,,,,,,,
139,139,85535,33206,1945-5-12,0,,27.77777778,16.11111111,22.22222222,0.0,,45,5,12,0,,,82.0,61.0,72.0,0.0,,,,,,,,,,,,
140,140,85536,33206,1945-5-13,0,,30.0,20.55555556,25.55555556,0.0,,45,5,13,0,,,86.0,69.0,78.0,0.0,,,,,,,,,,,,
141,141,85537,33206,1945-5-14,0,,30.55555556,20.55555556,25.55555556,0.0,,45,5,14,0,,,87.0,69.0,78.0,0.0,,,,,,,,,,,,
142,142,85538,33206,1945-5-15,0,,30.0,21.11111111,25.55555556,0.0,,45,5,15,0,,,86.0,70.0,78.0,0.0,,,,,,,,,,,,
143,143,85539,33206,1945-5-16,0,,31.11111111,21.66666667,26.66666667,0.0,,45,5,16,0,,,88.0,71.0,80.0,0.0,,,,,,,,,,,,
144,144,85540,33206,1945-5-17,0,,32.22222222,21.66666667,26.66666667,0.0,,45,5,17,0,,,90.0,71.0,80.0,0.0,,,,,,,,,,,,
145,145,85541,33206,1945-5-18,0,,32.22222222,18.88888889,25.55555556,0.0,,45,5,18,0,,,90.0,66.0,78.0,0.0,,,,,,,,,,,,
146,146,85542,33206,1945-5-19,0,,30.0,17.22222222,23.33333333,0.0,,45,5,19,0,,,86.0,63.0,74.0,0.0,,,,,,,,,,,,
147,147,85543,33206,1945-5-20,0,,31.66666667,17.77777778,24.44444444,0.0,,45,5,20,0,,,89.0,64.0,76.0,0.0,,,,,,,,,,,,
148,148,85544,33206,1945-5-21,0.254,,32.22222222,18.88888889,25.55555556,0.0,1.0,45,5,21,0.01,,,90.0,66.0,78.0,0.0,,,,,,,1.0,,,,,
149,149,85545,33206,1945-5-22,0,,31.66666667,18.33333333,25.0,0.0,,45,5,22,0,,,89.0,65.0,77.0,0.0,,,,,,,,,,,,
150,150,85546,33206,1945-5-23,0,,31.11111111,17.77777778,24.44444444,0.0,,45,5,23,0,,,88.0,64.0,76.0,0.0,,,,,,,,,,,,
151,151,85547,33206,1945-5-24,0,,40.0,18.33333333,28.88888889,0.0,,45,5,24,0,,,104.0,65.0,84.0,0.0,,,,,,,,,,,,
152,152,85548,33206,1945-5-25,0,,37.77777778,20.0,28.88888889,0.0,,45,5,25,0,,,100.0,68.0,84.0,0.0,,,,,,,,,,,,
153,153,85549,33206,1945-5-26,0,,36.11111111,19.44444444,27.77777778,0.0,,45,5,26,0,,,97.0,67.0,82.0,0.0,,,,,,,,,,,,
154,154,85550,33206,1945-5-27,0,,33.88888889,20.55555556,27.22222222,0.0,,45,5,27,0,,,93.0,69.0,81.0,0.0,,,,,,,,,,,,
155,155,85551,33206,1945-5-28,0,,33.88888889,22.22222222,27.77777778,0.0,,45,5,28,0,,,93.0,72.0,82.0,0.0,,,,,,,,,,,,
156,156,85552,33206,1945-5-29,0,,31.11111111,20.0,25.55555556,0.0,,45,5,29,0,,,88.0,68.0,78.0,0.0,,,,,,,,,,,,
157,157,85553,33206,1945-5-30,0,,28.88888889,20.0,24.44444444,0.0,,45,5,30,0,,,84.0,68.0,76.0,0.0,,,,,,,,,,,,
158,158,85554,33206,1945-5-31,0,,29.44444444,18.33333333,23.88888889,0.0,,45,5,31,0,,,85.0,65.0,75.0,0.0,,,,,,,,,,,,
159,159,85555,33206,1945-6-1,T,,28.88888889,20.0,24.44444444,0.0,1.0,45,6,1,T,,,84.0,68.0,76.0,0.0,,,,,,,1.0,,,,,
160,160,85556,33206,1945-6-2,T,,27.22222222,18.33333333,22.77777778,0.0,1.0,45,6,2,T,,,81.0,65.0,73.0,0.0,,,,,,,1.0,,,,,
161,161,85557,33206,1945-6-3,0,,27.77777778,17.22222222,22.22222222,0.0,,45,6,3,0,,,82.0,63.0,72.0,0.0,,,,,,,,,,,,
162,162,85558,33206,1945-6-4,0,,29.44444444,17.22222222,23.33333333,0.0,,45,6,4,0,,,85.0,63.0,74.0,0.0,,,,,,,,,,,,
163,163,85559,33206,1945-6-5,0,,28.33333333,17.22222222,22.77777778,0.0,,45,6,5,0,,,83.0,63.0,73.0,0.0,,,,,,,,,,,,
164,164,85560,33206,1945-6-6,T,,29.44444444,17.22222222,23.33333333,0.0,1.0,45,6,6,T,,,85.0,63.0,74.0,0.0,,,,,,,1.0,,,,,
165,165,85561,33206,1945-6-7,0,,33.33333333,17.22222222,25.55555556,0.0,,45,6,7,0,,,92.0,63.0,78.0,0.0,,,,,,,,,,,,
166,166,85562,33206,1945-6-8,0,,33.33333333,20.0,26.66666667,0.0,,45,6,8,0,,,92.0,68.0,80.0,0.0,,,,,,,,,,,,
167,167,85563,33206,1945-6-9,0,,30.0,22.22222222,26.11111111,0.0,,45,6,9,0,,,86.0,72.0,79.0,0.0,,,,,,,,,,,,
168,168,85564,33206,1945-6-10,0,,30.0,20.55555556,25.55555556,0.0,,45,6,10,0,,,86.0,69.0,78.0,0.0,,,,,,,,,,,,
169,169,85565,33206,1945-6-11,0,,32.22222222,18.88888889,25.55555556,0.0,,45,6,11,0,,,90.0,66.0,78.0,0.0,,,,,,,,,,,,
170,170,85566,33206,1945-6-12,0,,31.11111111,21.66666667,26.66666667,0.0,,45,6,12,0,,,88.0,71.0,80.0,0.0,,,,,,,,,,,,
171,171,85567,33206,1945-6-13,0,,30.55555556,20.55555556,25.55555556,0.0,,45,6,13,0,,,87.0,69.0,78.0,0.0,,,,,,,,,,,,
172,172,85568,33206,1945-6-14,0,,32.22222222,19.44444444,25.55555556,0.0,,45,6,14,0,,,90.0,67.0,78.0,0.0,,,,,,,,,,,,
173,173,85569,33206,1945-6-15,0,,31.66666667,20.0,25.55555556,0.0,,45,6,15,0,,,89.0,68.0,78.0,0.0,,,,,,,,,,,,
174,174,85570,33206,1945-6-16,0,,28.88888889,19.44444444,24.44444444,0.0,,45,6,16,0,,,84.0,67.0,76.0,0.0,,,,,,,,,,,,
175,175,85571,33206,1945-6-17,0,,31.11111111,18.88888889,25.0,0.0,,45,6,17,0,,,88.0,66.0,77.0,0.0,,,,,,,,,,,,
176,176,85572,33206,1945-6-18,0,,32.22222222,20.55555556,26.66666667,0.0,,45,6,18,0,,,90.0,69.0,80.0,0.0,,,,,,,,,,,,
177,177,85573,33206,1945-6-19,0,,29.44444444,21.66666667,25.55555556,0.0,,45,6,19,0,,,85.0,71.0,78.0,0.0,,,,,,,,,,,,
178,178,85574,33206,1945-6-20,0,,32.77777778,22.77777778,27.77777778,0.0,,45,6,20,0,,,91.0,73.0,82.0,0.0,,,,,,,,,,,,
179,179,85575,33206,1945-6-21,0,,33.33333333,22.77777778,27.77777778,0.0,,45,6,21,0,,,92.0,73.0,82.0,0.0,,,,,,,,,,,,
180,180,85576,33206,1945-6-22,0,,34.44444444,22.77777778,28.88888889,0.0,,45,6,22,0,,,94.0,73.0,84.0,0.0,,,,,,,,,,,,
181,181,85577,33206,1945-6-23,0,,33.33333333,21.11111111,27.22222222,0.0,,45,6,23,0,,,92.0,70.0,81.0,0.0,,,,,,,,,,,,
182,182,85578,33206,1945-6-24,0,,30.0,21.11111111,25.55555556,0.0,,45,6,24,0,,,86.0,70.0,78.0,0.0,,,,,,,,,,,,
183,183,85579,33206,1945-6-25,0,,31.11111111,20.0,25.55555556,0.0,,45,6,25,0,,,88.0,68.0,78.0,0.0,,,,,,,,,,,,
184,184,85580,33206,1945-6-26,0,,31.66666667,21.11111111,26.66666667,0.0,,45,6,26,0,,,89.0,70.0,80.0,0.0,,,,,,,,,,,,
185,185,85581,33206,1945-6-27,0,,32.77777778,20.0,26.66666667,0.0,,45,6,27,0,,,91.0,68.0,80.0,0.0,,,,,,,,,,,,
186,186,85582,33206,1945-6-28,0,,36.66666667,20.55555556,28.88888889,0.0,,45,6,28,0,,,98.0,69.0,84.0,0.0,,,,,,,,,,,,
187,187,85583,33206,1945-6-29,0,,38.88888889,25.0,32.22222222,0.0,,45,6,29,0,,,102.0,77.0,90.0,0.0,,,,,,,,,,,,
188,188,85584,33206,1945-6-30,0,,36.11111111,24.44444444,30.0,0.0,,45,6,30,0,,,97.0,76.0,86.0,0.0,,,,,,,,,,,,
189,189,85585,33206,1945-7-1,0,,32.77777778,23.33333333,27.77777778,0.0,,45,7,1,0,,,91.0,74.0,82.0,0.0,,,,,,,,,,,,
190,190,85586,33206,1945-7-2,0,,32.22222222,20.55555556,26.66666667,0.0,,45,7,2,0,,,90.0,69.0,80.0,0.0,,,,,,,,,,,,
191,191,85587,33206,1945-7-3,0,,36.11111111,25.0,30.55555556,0.0,,45,7,3,0,,,97.0,77.0,87.0,0.0,,,,,,,,,,,,
192,192,85588,33206,1945-7-4,0,,30.55555556,21.11111111,25.55555556,0.0,,45,7,4,0,,,87.0,70.0,78.0,0.0,,,,,,,,,,,,
193,193,85589,33206,1945-7-5,0,,30.55555556,20.0,25.55555556,0.0,,45,7,5,0,,,87.0,68.0,78.0,0.0,,,,,,,,,,,,
194,194,85590,33206,1945-7-6,0,,31.66666667,20.55555556,26.11111111,0.0,,45,7,6,0,,,89.0,69.0,79.0,0.0,,,,,,,,,,,,
195,195,85591,33206,1945-7-7,0,,32.77777778,19.44444444,26.11111111,0.0,,45,7,7,0,,,91.0,67.0,79.0,0.0,,,,,,,,,,,,
196,196,85592,33206,1945-7-8,0,,32.77777778,21.11111111,26.66666667,0.0,,45,7,8,0,,,91.0,70.0,80.0,0.0,,,,,,,,,,,,
197,197,85593,33206,1945-7-9,0,,35.0,22.77777778,28.88888889,0.0,,45,7,9,0,,,95.0,73.0,84.0,0.0,,,,,,,,,,,,
198,198,85594,33206,1945-7-10,0,,34.44444444,21.66666667,27.77777778,0.0,,45,7,10,0,,,94.0,71.0,82.0,0.0,,,,,,,,,,,,
199,199,85595,33206,1945-7-11,0,,35.0,22.22222222,28.88888889,0.0,,45,7,11,0,,,95.0,72.0,84.0,0.0,,,,,,,,,,,,
200,200,85596,33206,1945-7-12,0,,36.11111111,21.66666667,28.88888889,0.0,,45,7,12,0,,,97.0,71.0,84.0,0.0,,,,,,,,,,,,
201,201,85597,33206,1945-7-13,0,,34.44444444,26.11111111,30.0,0.0,,45,7,13,0,,,94.0,79.0,86.0,0.0,,,,,,,,,,,,
202,202,85598,33206,1945-7-14,0,,33.88888889,23.88888889,28.88888889,0.0,,45,7,14,0,,,93.0,75.0,84.0,0.0,,,,,,,,,,,,
203,203,85599,33206,1945-7-15,0,,32.22222222,23.33333333,27.77777778,0.0,,45,7,15,0,,,90.0,74.0,82.0,0.0,,,,,,,,,,,,
204,204,85600,33206,1945-7-16,0,,33.33333333,25.0,28.88888889,0.0,,45,7,16,0,,,92.0,77.0,84.0,0.0,,,,,,,,,,,,
205,205,85601,33206,1945-7-17,0,,32.77777778,23.88888889,28.33333333,0.0,,45,7,17,0,,,91.0,75.0,83.0,0.0,,,,,,,,,,,,
206,206,85602,33206,1945-7-18,0,,34.44444444,23.33333333,28.88888889,0.0,,45,7,18,0,,,94.0,74.0,84.0,0.0,,,,,,,,,,,,
207,207,85603,33206,1945-7-19,0,,35.0,24.44444444,30.0,0.0,,45,7,19,0,,,95.0,76.0,86.0,0.0,,,,,,,,,,,,
208,208,85604,33206,1945-7-20,0,,32.22222222,24.44444444,28.33333333,0.0,,45,7,20,0,,,90.0,76.0,83.0,0.0,,,,,,,,,,,,
209,209,85605,33206,1945-7-21,0,,31.11111111,25.0,27.77777778,0.0,,45,7,21,0,,,88.0,77.0,82.0,0.0,,,,,,,,,,,,
210,210,85606,33206,1945-7-22,0,,32.22222222,24.44444444,28.33333333,0.0,,45,7,22,0,,,90.0,76.0,83.0,0.0,,,,,,,,,,,,
211,211,85607,33206,1945-7-23,0,,37.22222222,25.55555556,31.11111111,0.0,,45,7,23,0,,,99.0,78.0,88.0,0.0,,,,,,,,,,,,
212,212,85608,33206,1945-7-24,0,,36.66666667,26.11111111,31.11111111,0.0,,45,7,24,0,,,98.0,79.0,88.0,0.0,,,,,,,,,,,,
213,213,85609,33206,1945-7-25,0,,33.88888889,25.55555556,30.0,0.0,,45,7,25,0,,,93.0,78.0,86.0,0.0,,,,,,,,,,,,
214,214,85610,33206,1945-7-26,0,,32.77777778,25.55555556,28.88888889,0.0,,45,7,26,0,,,91.0,78.0,84.0,0.0,,,,,,,,,,,,
215,215,85611,33206,1945-7-27,0,,33.88888889,23.33333333,28.88888889,0.0,,45,7,27,0,,,93.0,74.0,84.0,0.0,,,,,,,,,,,,
216,216,85612,33206,1945-7-28,0,,35.0,23.88888889,29.44444444,0.0,,45,7,28,0,,,95.0,75.0,85.0,0.0,,,,,,,,,,,,
217,217,85613,33206,1945-7-29,0,,36.11111111,24.44444444,30.0,0.0,,45,7,29,0,,,97.0,76.0,86.0,0.0,,,,,,,,,,,,
218,218,85614,33206,1945-7-30,0,,41.11111111,26.66666667,33.88888889,0.0,,45,7,30,0,,,106.0,80.0,93.0,0.0,,,,,,,,,,,,
219,219,85615,33206,1945-7-31,0,,37.22222222,24.44444444,31.11111111,0.0,,45,7,31,0,,,99.0,76.0,88.0,0.0,,,,,,,,,,,,
220,220,85616,33206,1945-8-1,0,,42.77777778,23.88888889,33.33333333,0.0,,45,8,1,0,,,109.0,75.0,92.0,0.0,,,,,,,,,,,,
221,221,85617,33206,1945-8-2,0,,37.22222222,23.88888889,30.55555556,0.0,,45,8,2,0,,,99.0,75.0,87.0,0.0,,,,,,,,,,,,
222,222,85618,33206,1945-8-3,0,,33.33333333,22.77777778,27.77777778,0.0,,45,8,3,0,,,92.0,73.0,82.0,0.0,,,,,,,,,,,,
223,223,85619,33206,1945-8-4,0,,31.66666667,21.11111111,26.66666667,0.0,,45,8,4,0,,,89.0,70.0,80.0,0.0,,,,,,,,,,,,
224,224,85620,33206,1945-8-5,0,,31.11111111,21.11111111,26.11111111,0.0,,45,8,5,0,,,88.0,70.0,79.0,0.0,,,,,,,,,,,,
225,225,85621,33206,1945-8-6,0,,33.33333333,20.55555556,26.66666667,0.0,,45,8,6,0,,,92.0,69.0,80.0,0.0,,,,,,,,,,,,
226,226,85622,33206,1945-8-7,0,,33.33333333,20.0,26.66666667,0.0,,45,8,7,0,,,92.0,68.0,80.0,0.0,,,,,,,,,,,,
227,227,85623,33206,1945-8-8,0,,36.66666667,21.11111111,28.88888889,0.0,,45,8,8,0,,,98.0,70.0,84.0,0.0,,,,,,,,,,,,
228,228,85624,33206,1945-8-9,0,,38.88888889,23.88888889,31.11111111,0.0,,45,8,9,0,,,102.0,75.0,88.0,0.0,,,,,,,,,,,,
229,229,85625,33206,1945-8-10,0,,38.33333333,22.22222222,30.0,0.0,,45,8,10,0,,,101.0,72.0,86.0,0.0,,,,,,,,,,,,
230,230,85626,33206,1945-8-11,0,,43.33333333,21.66666667,32.22222222,0.0,,45,8,11,0,,,110.0,71.0,90.0,0.0,,,,,,,,,,,,
231,231,85627,33206,1945-8-12,0,,40.0,25.0,32.22222222,0.0,,45,8,12,0,,,104.0,77.0,90.0,0.0,,,,,,,,,,,,
232,232,85628,33206,1945-8-13,0,,42.22222222,22.77777778,32.22222222,0.0,,45,8,13,0,,,108.0,73.0,90.0,0.0,,,,,,,,,,,,
233,233,85629,33206,1945-8-14,0,,43.88888889,26.66666667,35.55555556,0.0,,45,8,14,0,,,111.0,80.0,96.0,0.0,,,,,,,,,,,,
234,234,85630,33206,1945-8-15,0,,41.66666667,23.88888889,32.77777778,0.0,,45,8,15,0,,,107.0,75.0,91.0,0.0,,,,,,,,,,,,
235,235,85631,33206,1945-8-16,0,,36.11111111,24.44444444,30.0,0.0,,45,8,16,0,,,97.0,76.0,86.0,0.0,,,,,,,,,,,,
236,236,85632,33206,1945-8-17,0,,34.44444444,23.33333333,28.88888889,0.0,,45,8,17,0,,,94.0,74.0,84.0,0.0,,,,,,,,,,,,
237,237,85633,33206,1945-8-18,0,,38.33333333,21.11111111,30.0,0.0,,45,8,18,0,,,101.0,70.0,86.0,0.0,,,,,,,,,,,,
238,238,85634,33206,1945-8-19,0,,35.55555556,22.22222222,28.88888889,0.0,,45,8,19,0,,,96.0,72.0,84.0,0.0,,,,,,,,,,,,
239,239,85635,33206,1945-8-20,T,,35.55555556,23.88888889,30.0,0.0,1.0,45,8,20,T,,,96.0,75.0,86.0,0.0,,,,,,,1.0,,,,,
240,240,85636,33206,1945-8-21,0,,40.0,22.77777778,31.11111111,0.0,,45,8,21,0,,,104.0,73.0,88.0,0.0,,,,,,,,,,,,
241,241,85637,33206,1945-8-22,0,,40.55555556,23.33333333,32.22222222,0.0,,45,8,22,0,,,105.0,74.0,90.0,0.0,,,,,,,,,,,,
242,242,85638,33206,1945-8-23,0,,37.77777778,23.88888889,31.11111111,0.0,,45,8,23,0,,,100.0,75.0,88.0,0.0,,,,,,,,,,,,
243,243,85639,33206,1945-8-24,0,,36.11111111,22.22222222,28.88888889,0.0,,45,8,24,0,,,97.0,72.0,84.0,0.0,,,,,,,,,,,,
244,244,85640,33206,1945-8-25,0,,31.66666667,23.33333333,27.77777778,0.0,,45,8,25,0,,,89.0,74.0,82.0,0.0,,,,,,,,,,,,
245,245,85641,33206,1945-8-26,0.508,,29.44444444,23.33333333,26.66666667,0.0,1.0,45,8,26,0.02,,,85.0,74.0,80.0,0.0,,,,,,,1.0,,,,,
246,246,85642,33206,1945-8-27,0,,32.77777778,22.77777778,27.77777778,0.0,,45,8,27,0,,,91.0,73.0,82.0,0.0,,,,,,,,,,,,
247,247,85643,33206,1945-8-28,0,,32.22222222,24.44444444,28.33333333,0.0,,45,8,28,0,,,90.0,76.0,83.0,0.0,,,,,,,,,,,,
248,248,85644,33206,1945-8-29,0,,30.55555556,22.77777778,26.66666667,0.0,,45,8,29,0,,,87.0,73.0,80.0,0.0,,,,,,,,,,,,
249,249,85645,33206,1945-8-30,0,,28.88888889,22.77777778,25.55555556,0.0,,45,8,30,0,,,84.0,73.0,78.0,0.0,,,,,,,,,,,,
250,250,85646,33206,1945-8-31,0,,31.11111111,21.11111111,26.11111111,0.0,,45,8,31,0,,,88.0,70.0,79.0,0.0,,,,,,,,,,,,
251,251,85647,33206,1945-9-1,0,,31.66666667,21.11111111,26.66666667,0.0,,45,9,1,0,,,89.0,70.0,80.0,0.0,,,,,,,,,,,,
252,252,85648,33206,1945-9-2,0,,34.44444444,18.88888889,26.66666667,0.0,,45,9,2,0,,,94.0,66.0,80.0,0.0,,,,,,,,,,,,
253,253,85649,33206,1945-9-3,0,,39.44444444,21.66666667,30.55555556,0.0,,45,9,3,0,,,103.0,71.0,87.0,0.0,,,,,,,,,,,,
254,254,85650,33206,1945-9-4,0,,35.0,25.0,30.0,0.0,,45,9,4,0,,,95.0,77.0,86.0,0.0,,,,,,,,,,,,
255,255,85651,33206,1945-9-5,0,,32.77777778,22.77777778,27.77777778,0.0,,45,9,5,0,,,91.0,73.0,82.0,0.0,,,,,,,,,,,,
256,256,85652,33206,1945-9-6,0,,32.22222222,21.66666667,26.66666667,0.0,,45,9,6,0,,,90.0,71.0,80.0,0.0,,,,,,,,,,,,
257,257,85653,33206,1945-9-7,T,,32.77777778,20.0,26.66666667,0.0,1.0,45,9,7,T,,,91.0,68.0,80.0,0.0,,,,,,,1.0,,,,,
258,258,85654,33206,1945-9-8,T,,26.11111111,21.11111111,23.33333333,0.0,1.0,45,9,8,T,,,79.0,70.0,74.0,0.0,,,,,,,1.0,,,,,
259,259,85655,33206,1945-9-9,0,,28.88888889,18.33333333,23.33333333,0.0,,45,9,9,0,,,84.0,65.0,74.0,0.0,,,,,,,,,,,,
260,260,85656,33206,1945-9-10,0,,28.88888889,16.66666667,22.77777778,0.0,,45,9,10,0,,,84.0,62.0,73.0,0.0,,,,,,,,,,,,
261,261,85657,33206,1945-9-11,T,,27.77777778,18.88888889,23.33333333,0.0,1.0,45,9,11,T,,,82.0,66.0,74.0,0.0,,,,,,,1.0,,,,,
262,262,85658,33206,1945-9-12,0.762,,30.0,18.88888889,24.44444444,0.0,1.0,45,9,12,0.03,,,86.0,66.0,76.0,0.0,,,,,,,1.0,,,,,
263,263,85659,33206,1945-9-13,1.27,,27.22222222,17.77777778,22.22222222,0.0,1.0,45,9,13,0.05,,,81.0,64.0,72.0,0.0,,,,,,,1.0,,,,,
264,264,85660,33206,1945-9-14,4.064,,22.22222222,17.22222222,20.0,0.0,1.0,45,9,14,0.16,,,72.0,63.0,68.0,0.0,,,,,,,1.0,,,,,
265,265,85661,33206,1945-9-15,0,,25.0,16.11111111,20.55555556,0.0,,45,9,15,0,,,77.0,61.0,69.0,0.0,,,,,,,,,,,,
266,266,85662,33206,1945-9-16,0,,28.33333333,15.0,21.66666667,0.0,,45,9,16,0,,,83.0,59.0,71.0,0.0,,,,,,,,,,,,
267,267,85663,33206,1945-9-17,0,,31.66666667,19.44444444,25.55555556,0.0,,45,9,17,0,,,89.0,67.0,78.0,0.0,,,,,,,,,,,,
268,268,85664,33206,1945-9-18,0,,28.88888889,20.55555556,24.44444444,0.0,,45,9,18,0,,,84.0,69.0,76.0,0.0,,,,,,,,,,,,
269,269,85665,33206,1945-9-19,0,,31.11111111,20.0,25.55555556,0.0,,45,9,19,0,,,88.0,68.0,78.0,0.0,,,,,,,,,,,,
270,270,85666,33206,1945-9-20,0,,32.22222222,18.33333333,25.55555556,0.0,,45,9,20,0,,,90.0,65.0,78.0,0.0,,,,,,,,,,,,
271,271,85667,33206,1945-9-21,0,,30.0,18.88888889,24.44444444,0.0,,45,9,21,0,,,86.0,66.0,76.0,0.0,,,,,,,,,,,,
272,272,85668,33206,1945-9-22,0,,29.44444444,21.66666667,25.55555556,0.0,,45,9,22,0,,,85.0,71.0,78.0,0.0,,,,,,,,,,,,
281,281,85677,33206,1945-10-1,0,,21.66666667,16.11111111,18.88888889,0.0,,45,10,1,0,,,71.0,61.0,66.0,0.0,,,,,,,,,,,,
282,282,85678,33206,1945-10-2,T,,21.66666667,15.0,18.33333333,0.0,1.0,45,10,2,T,,,71.0,59.0,65.0,0.0,,,,,,,1.0,,,,,
283,283,85679,33206,1945-10-3,T,,21.66666667,13.88888889,17.77777778,0.0,1.0,45,10,3,T,,,71.0,57.0,64.0,0.0,,,,,,,1.0,,,,,
287,287,85683,33206,1945-10-7,0,,22.77777778,13.88888889,18.33333333,0.0,,45,10,7,0,,,73.0,57.0,65.0,0.0,,,,,,,,,,,,
288,288,85684,33206,1945-10-8,0,,22.77777778,10.55555556,16.66666667,0.0,,45,10,8,0,,,73.0,51.0,62.0,0.0,,,,,,,,,,,,
289,289,85685,33206,1945-10-9,0.508,,16.66666667,8.333333332999999,12.22222222,0.0,1.0,45,10,9,0.02,,,62.0,47.0,54.0,0.0,,,,,,,1.0,,,,,
290,290,85686,33206,1945-10-10,0,,20.55555556,6.666666667,13.33333333,0.0,,45,10,10,0,,,69.0,44.0,56.0,0.0,,,,,,,,,,,,
291,291,85687,33206,1945-10-11,0,,21.11111111,8.888888889,15.0,0.0,,45,10,11,0,,,70.0,48.0,59.0,0.0,,,,,,,,,,,,
292,292,85688,33206,1945-10-12,0,,23.88888889,8.888888889,16.66666667,0.0,,45,10,12,0,,,75.0,48.0,62.0,0.0,,,,,,,,,,,,
293,293,85689,33206,1945-10-13,0,,25.0,12.77777778,18.88888889,0.0,,45,10,13,0,,,77.0,55.0,66.0,0.0,,,,,,,,,,,,
294,294,85690,33206,1945-10-14,0,,22.77777778,12.22222222,17.77777778,0.0,,45,10,14,0,,,73.0,54.0,64.0,0.0,,,,,,,,,,,,
295,295,85691,33206,1945-10-15,0,,25.0,10.55555556,17.77777778,0.0,,45,10,15,0,,,77.0,51.0,64.0,0.0,,,,,,,,,,,,
296,296,85692,33206,1945-10-16,0,,25.0,12.22222222,18.88888889,0.0,,45,10,16,0,,,77.0,54.0,66.0,0.0,,,,,,,,,,,,
297,297,85693,33206,1945-10-17,0,,22.77777778,12.22222222,17.77777778,0.0,,45,10,17,0,,,73.0,54.0,64.0,0.0,,,,,,,,,,,,
298,298,85694,33206,1945-10-18,0,,22.22222222,11.66666667,16.66666667,0.0,,45,10,18,0,,,72.0,53.0,62.0,0.0,,,,,,,,,,,,
299,299,85695,33206,1945-10-19,2.032,,21.66666667,13.33333333,17.77777778,0.0,1.0,45,10,19,0.08,,,71.0,56.0,64.0,0.0,,,,,,,1.0,,,,,
300,300,85696,33206,1945-10-20,0.762,,20.55555556,13.88888889,17.22222222,0.0,,45,10,20,0.03,,,69.0,57.0,63.0,0.0,,,,,,,,,,,,
301,301,85697,33206,1945-10-21,0,,22.22222222,13.33333333,17.77777778,0.0,,45,10,21,0,,,72.0,56.0,64.0,0.0,,,,,,,,,,,,
302,302,85698,33206,1945-10-22,0,,22.77777778,10.55555556,16.66666667,0.0,,45,10,22,0,,,73.0,51.0,62.0,0.0,,,,,,,,,,,,
303,303,85699,33206,1945-10-23,0,,22.22222222,11.66666667,16.66666667,0.0,,45,10,23,0,,,72.0,53.0,62.0,0.0,,,,,,,,,,,,
304,304,85700,33206,1945-10-24,0,,22.77777778,11.66666667,17.22222222,0.0,,45,10,24,0,,,73.0,53.0,63.0,0.0,,,,,,,,,,,,
305,305,85701,33206,1945-10-25,0,,21.11111111,10.0,15.55555556,0.0,,45,10,25,0,,,70.0,50.0,60.0,0.0,,,,,,,,,,,,
306,306,85702,33206,1945-10-26,0,,25.0,10.0,17.77777778,0.0,,45,10,26,0,,,77.0,50.0,64.0,0.0,,,,,,,,,,,,
307,307,85703,33206,1945-10-27,0,,25.55555556,13.88888889,20.0,0.0,,45,10,27,0,,,78.0,57.0,68.0,0.0,,,,,,,,,,,,
308,308,85704,33206,1945-10-28,0,,24.44444444,12.22222222,18.33333333,0.0,,45,10,28,0,,,76.0,54.0,65.0,0.0,,,,,,,,,,,,
309,309,85705,33206,1945-10-29,0,,25.55555556,13.88888889,20.0,0.0,,45,10,29,0,,,78.0,57.0,68.0,0.0,,,,,,,,,,,,
310,310,85706,33206,1945-10-30,0,,23.33333333,12.77777778,17.77777778,0.0,,45,10,30,0,,,74.0,55.0,64.0,0.0,,,,,,,,,,,,
311,311,85707,33206,1945-10-31,0,,25.0,11.66666667,18.33333333,0.0,,45,10,31,0,,,77.0,53.0,65.0,0.0,,,,,,,,,,,,
312,312,85708,33206,1945-11-1,0,,23.88888889,10.55555556,17.22222222,0.0,0.0,45,11,1,0,,,75.0,51.0,63.0,0.0,,,,,,,0.0,,,,,
313,313,85709,33206,1945-11-2,0,,24.44444444,10.55555556,17.77777778,0.0,0.0,45,11,2,0,,,76.0,51.0,64.0,0.0,,,,,,,0.0,,,,,
314,314,85710,33206,1945-11-3,0,,24.44444444,11.66666667,18.33333333,0.0,0.0,45,11,3,0,,,76.0,53.0,65.0,0.0,,,,,,,0.0,,,,,
315,315,85711,33206,1945-11-4,0,,21.11111111,11.66666667,16.66666667,0.0,0.0,45,11,4,0,,,70.0,53.0,62.0,0.0,,,,,,,0.0,,,,,
316,316,85712,33206,1945-11-5,0,,20.55555556,12.22222222,16.66666667,0.0,0.0,45,11,5,0,,,69.0,54.0,62.0,0.0,,,,,,,0.0,,,,,
317,317,85713,33206,1945-11-6,0,,19.44444444,13.33333333,16.66666667,0.0,0.0,45,11,6,0,,,67.0,56.0,62.0,0.0,,,,,,,0.0,,,,,
318,318,85714,33206,1945-11-7,T,,16.66666667,12.22222222,14.44444444,0.0,1.0,45,11,7,T,,,62.0,54.0,58.0,0.0,,,,,,,1.0,,,,,
319,319,85715,33206,1945-11-8,4.572,,15.0,12.22222222,13.88888889,0.0,1.0,45,11,8,0.18,,,59.0,54.0,57.0,0.0,,,,,,,1.0,,,,,
320,320,85716,33206,1945-11-9,0,,18.88888889,7.777777778,13.33333333,0.0,0.0,45,11,9,0,,,66.0,46.0,56.0,0.0,,,,,,,0.0,,,,,
321,321,85717,33206,1945-11-10,T,,22.77777778,14.44444444,18.88888889,0.0,1.0,45,11,10,T,,,73.0,58.0,66.0,0.0,,,,,,,1.0,,,,,
322,322,85718,33206,1945-11-11,0,,23.33333333,17.22222222,20.55555556,0.0,0.0,45,11,11,0,,,74.0,63.0,69.0,0.0,,,,,,,0.0,,,,,
323,323,85719,33206,1945-11-12,1.778,,21.66666667,15.55555556,18.88888889,0.0,1.0,45,11,12,0.07,,,71.0,60.0,66.0,0.0,,,,,,,1.0,,,,,
324,324,85720,33206,1945-11-13,36.068,,18.33333333,14.44444444,16.66666667,0.0,1.0,45,11,13,1.42,,,65.0,58.0,62.0,0.0,,,,,,,1.0,,,,,
325,325,85721,33206,1945-11-14,7.874,,20.55555556,15.55555556,18.33333333,0.0,1.0,45,11,14,0.31,,,69.0,60.0,65.0,0.0,,,,,,,1.0,,,,,
326,326,85722,33206,1945-11-15,9.144,,17.77777778,13.33333333,15.55555556,0.0,1.0,45,11,15,0.36,,,64.0,56.0,60.0,0.0,,,,,,,1.0,,,,,
327,327,85723,33206,1945-11-16,17.526,,17.22222222,13.88888889,15.55555556,0.0,1.0,45,11,16,0.69,,,63.0,57.0,60.0,0.0,,,,,,,1.0,,,,,
328,328,85724,33206,1945-11-17,T,,16.11111111,14.44444444,15.55555556,0.0,1.0,45,11,17,T,,,61.0,58.0,60.0,0.0,,,,,,,1.0,,,,,
329,329,85725,33206,1945-11-18,0,,13.88888889,11.11111111,12.77777778,0.0,0.0,45,11,18,0,,,57.0,52.0,55.0,0.0,,,,,,,0.0,,,,,
330,330,85726,33206,1945-11-19,4.572,,12.22222222,8.888888889,10.55555556,0.0,1.0,45,11,19,0.18,,,54.0,48.0,51.0,0.0,,,,,,,1.0,,,,,
331,331,85727,33206,1945-11-20,0,,12.77777778,7.777777778,10.55555556,0.0,0.0,45,11,20,0,,,55.0,46.0,51.0,0.0,,,,,,,0.0,,,,,
332,332,85728,33206,1945-11-21,T,,13.33333333,10.0,11.66666667,0.0,1.0,45,11,21,T,,,56.0,50.0,53.0,0.0,,,,,,,1.0,,,,,
333,333,85729,33206,1945-11-22,10.414,,14.44444444,9.444444444,12.22222222,0.0,1.0,45,11,22,0.41,,,58.0,49.0,54.0,0.0,,,,,,,1.0,,,,,
334,334,85730,33206,1945-11-23,1.016,,16.11111111,12.22222222,14.44444444,0.0,1.0,45,11,23,0.04,,,61.0,54.0,58.0,0.0,,,,,,,1.0,,,,,
335,335,85731,33206,1945-11-24,0,,15.0,12.77777778,13.88888889,0.0,0.0,45,11,24,0,,,59.0,55.0,57.0,0.0,,,,,,,0.0,,,,,
336,336,85732,33206,1945-11-25,0,,15.55555556,11.11111111,13.33333333,0.0,0.0,45,11,25,0,,,60.0,52.0,56.0,0.0,,,,,,,0.0,,,,,
337,337,85733,33206,1945-11-26,0,,16.66666667,10.0,13.33333333,0.0,0.0,45,11,26,0,,,62.0,50.0,56.0,0.0,,,,,,,0.0,,,,,
338,338,85734,33206,1945-11-27,T,,17.77777778,11.11111111,14.44444444,0.0,1.0,45,11,27,T,,,64.0,52.0,58.0,0.0,,,,,,,1.0,,,,,
339,339,85735,33206,1945-11-28,4.064,,12.77777778,10.0,11.66666667,0.0,1.0,45,11,28,0.16,,,55.0,50.0,53.0,0.0,,,,,,,1.0,,,,,
340,340,85736,33206,1945-11-29,T,,8.888888889,7.222222222,8.333333332999999,0.0,1.0,45,11,29,T,,,48.0,45.0,47.0,0.0,,,,,,,1.0,,,,,
341,341,85737,33206,1945-11-30,0.508,,11.11111111,6.1111111110000005,8.888888889,0.0,1.0,45,11,30,0.02,,,52.0,43.0,48.0,0.0,,,,,,,1.0,,,,,
342,342,85738,33206,1945-12-5,0,,16.11111111,11.66666667,13.88888889,0.0,1.0,45,12,5,,,,61.0,53.0,57.0,0.0,,,,,,,1.0,,,,,
343,343,85739,33206,1945-12-6,0,,16.66666667,7.222222222,12.22222222,0.0,0.0,45,12,6,0,,,62.0,45.0,54.0,0.0,,,,,,,0.0,,,,,
344,344,85740,33206,1945-12-7,0,,15.55555556,12.22222222,13.88888889,0.0,1.0,45,12,7,,,,60.0,54.0,57.0,0.0,,,,,,,1.0,,,,,
345,345,85741,33206,1945-12-8,0.254,,16.11111111,12.77777778,14.44444444,0.0,1.0,45,12,8,0.01,,,61.0,55.0,58.0,0.0,,,,,,,1.0,,,,,
346,346,85742,33206,1945-12-9,4.572,,15.0,6.666666667,11.11111111,0.0,1.0,45,12,9,0.18,,,59.0,44.0,52.0,0.0,,,,,,,1.0,,,,,
347,347,85743,33206,1945-12-10,9.144,,13.33333333,7.777777778,10.55555556,0.0,1.0,45,12,10,0.36,,,56.0,46.0,51.0,0.0,,,,,,,1.0,,,,,
348,348,85744,33206,1945-12-11,3.81,,15.0,8.888888889,12.22222222,0.0,1.0,45,12,11,0.15,,,59.0,48.0,54.0,0.0,,,,,,,1.0,,,,,
349,349,85745,33206,1945-12-12,2.032,,14.44444444,7.777777778,11.11111111,0.0,1.0,45,12,12,0.08,,,58.0,46.0,52.0,0.0,,,,,,,1.0,,,,,
350,350,85746,33206,1945-12-13,2.794,,6.666666667,3.888888889,5.555555556,0.0,1.0,45,12,13,0.11,,,44.0,39.0,42.0,0.0,,,,,,,1.0,,,,,
351,351,85747,33206,1945-12-14,0,,12.22222222,-0.5555555560000001,6.1111111110000005,0.0,0.0,45,12,14,0,,,54.0,31.0,43.0,0.0,,,,,,,0.0,,,,,
352,352,85748,33206,1945-12-15,0,,10.55555556,4.444444444,7.777777778,0.0,0.0,45,12,15,0,,,51.0,40.0,46.0,0.0,,,,,,,0.0,,,,,
353,353,85749,33206,1945-12-16,0,,12.77777778,4.444444444,8.888888889,0.0,0.0,45,12,16,0,,,55.0,40.0,48.0,0.0,,,,,,,0.0,,,,,
354,354,85750,33206,1945-12-17,0,,14.44444444,5.555555556,10.0,0.0,0.0,45,12,17,0,,,58.0,42.0,50.0,0.0,,,,,,,0.0,,,,,
355,355,85751,33206,1945-12-18,1.27,,15.55555556,6.666666667,11.11111111,0.0,1.0,45,12,18,0.05,,,60.0,44.0,52.0,0.0,,,,,,,1.0,,,,,
356,356,85752,33206,1945-12-19,0,,16.11111111,6.1111111110000005,11.11111111,0.0,0.0,45,12,19,0,,,61.0,43.0,52.0,0.0,,,,,,,0.0,,,,,
357,357,85753,33206,1945-12-20,0,,16.66666667,6.666666667,11.66666667,0.0,0.0,45,12,20,0,,,62.0,44.0,53.0,0.0,,,,,,,0.0,,,,,
358,358,85754,33206,1945-12-21,3.81,,15.0,12.77777778,13.88888889,0.0,1.0,45,12,21,0.15,,,59.0,55.0,57.0,0.0,,,,,,,1.0,,,,,
359,359,85755,33206,1945-12-22,0,,16.11111111,7.777777778,12.22222222,0.0,0.0,45,12,22,0,,,61.0,46.0,54.0,0.0,,,,,,,0.0,,,,,
360,360,85756,33206,1945-12-23,0,,15.55555556,13.88888889,15.0,0.0,0.0,45,12,23,0,,,60.0,57.0,59.0,0.0,,,,,,,0.0,,,,,
361,361,85757,33206,1945-12-24,0,,17.77777778,13.88888889,16.11111111,0.0,0.0,45,12,24,0,,,64.0,57.0,61.0,0.0,,,,,,,0.0,,,,,
362,362,85758,33206,1945-12-25,0.762,,17.22222222,11.66666667,14.44444444,0.0,1.0,45,12,25,0.03,,,63.0,53.0,58.0,0.0,,,,,,,1.0,,,,,
363,363,85759,33206,1945-12-26,20.32,,15.0,11.11111111,13.33333333,0.0,1.0,45,12,26,0.8,,,59.0,52.0,56.0,0.0,,,,,,,1.0,,,,,
364,364,85760,33206,1945-12-27,10.16,,12.77777778,11.66666667,12.22222222,0.0,1.0,45,12,27,0.4,,,55.0,53.0,54.0,0.0,,,,,,,1.0,,,,,
365,365,85761,33206,1945-12-28,0,,16.11111111,8.888888889,12.77777778,0.0,0.0,45,12,28,0,,,61.0,48.0,55.0,0.0,,,,,,,0.0,,,,,
366,366,85762,33206,1945-12-29,0,,15.55555556,7.222222222,11.66666667,0.0,0.0,45,12,29,0,,,60.0,45.0,53.0,0.0,,,,,,,0.0,,,,,
367,367,85763,33206,1945-12-30,0.254,,16.66666667,7.777777778,12.22222222,0.0,1.0,45,12,30,0.01,,,62.0,46.0,54.0,0.0,,,,,,,1.0,,,,,
368,368,85764,33206,1945-12-31,0.254,,14.44444444,8.333333332999999,11.66666667,0.0,1.0,45,12,31,0.01,,,58.0,47.0,53.0,0.0,,,,,,,1.0,,,,,
